;;;;;;;;;;;;;;;;;;;;;;;;;;;;;;;;;;;;;;;;;;;;;;;;;;;;;;;;;;;;;;;;;;;;;;;;;;;;;;;;;;;;;;0;1;16.9;0.00;0.0;0.0;0.0;0.0;0;0;0;0;0;0;0;0;0;0;0;0;0;;0;100;0.0;100.00;0.00;0.0;0.0;0.0;;;;BHseq V4.0 1998;;;;;;;;
;Balanáo H°drico Sequencial por Thornthwaite & Mather (1955);;;;;;;;;;;;;;;;;;;;;;;;;;;;;;;;;;;;;;;;;;;;;;;;;;;;;;;;;;;;;;;;;;;;;;;;;;;;;;;;;;;;;;;;;;;;;;;;;;;;;;;;;;;;;0.0;;;;;;;;;BHseq V6.4 2001;;;;;;;;
;;;;;;;;;;;;;;;;;;;;;;;;;;;;;;;;;;;;;;;;;;;;;;;;;;;;;;;;;;;;;;;;;;;;;;;;;;;;;;;;;;;;;;;;;;;;;;;;;;;;;;;;;;;;;;;;;;;;;;;;;;;;;;;
;;;;Glauco de Souza Rolim;;;;;;;;;;;;;;;;;;;;;;;;;;;;;;;;;;;;;;;;;;;;;;;;;;;;;;;;;;;;;;;;;;;;;;;;;;;;;;;;;;Essas cÇlulas fazem parte da l¢gica do programa, n∆o modifique-as de forma alguma;;;;;;;;;;;;;;;;;;;;;;;;;;;;;;;;;;;;;;;;;
;;;;Paulo Cesar Sentelhas;;;;;;;;;;;;;;;;;;;;;;;;;;;;;;;;;;;;;;;;;;;;;;;;;;;;;;;;;;;;;;;;;;;;;;;;;;;;;;;;;;;;;;;;;;;;;;;;;;;;;;;;;;;;;;;;;;;;;;;;;;;
;;;;Departamento de Ciàncias Exatas  µrea de F°sica e Meteorologia;;;;;;;;;;;;;;;;;;;;;;;;;;;;;;;;;;;;;;;;;;;;;;;;;;;;;;;;;;;;;;;;;;;;;;;;;;;;;;;;;;;;;;;;;Ò;;;;;;;;;;;;;;;;;;;;;;;;;;;;;;;;;;
;;;            DCE - ESALQ / USP;;;;BHseq  V6.3 2002;;;;;;;;;;;;;;;;;;;;;;;;;;;;;;;;;;;;;;;;;;;;;;;;;;;;;;;;;;;;;;;;;;;;;;;;;;;;;;;;;;;;;;;;;;;;;;;;;;;;;;;;;;;;;;;;;;;;;;;;
;;;;;;;;;;;;;;;;;;;;;;;;;;;;;;;;;;;;;;;;;;;;;;;;;;;;;;;;;;;;;;;;;;;;;;;;;;;;;;;;;;;;;;;;;;;;;;;;;;;;;;;;;;;;;;;;;;;;;;;;;;;;;;;
;CIDADE;Piracicaba -SP            ;;;;LATITUDE;-23.4256;;I=;110.7;;;;;;;;;;;;;;;;;;;;;;;;;;;;;;;;;;;;;;;;;;;;;;;;;;;;;;;;;;;;;;;;;;;;;;;;;;;;;;;;;;;;;;;;;;;;;;;;;;;;;;;;;;;;;;;;;;;;;
;;;;;;;;;;;;;;;;;;;;;;;;;;;;;;;;;;;;;;;;;;;;;;;;;;;;;;;;;;;;;;;;;;;;;;;;;;;;;;;;;;;;;;;;;;;;;;100.0;;=;;;;;;;;;;;;;;;;;;;;;;;;;;;;;;;
;CAD;100;;;;ANO;1985;;a=;2.46;;;;;;;;;;;;;;;;;;;;;;;;;;;;;;;;;;;;;;;;;;;;;;;;;;;;;;;;;;;;;;;;;;;;;;;;;;;;;;;;;;;;;;;;;;;;;;;;;;;;;;;;;;;;;;;;;;;;;
;;;;;;;;;;;;;;;;;;;;;;;;;;;;;;;;;;;;;;;;;;;;;;;;;;;;;;;;;;;;;;;;;;;;;;;;;;;;;;;;;;;;;;;;;;;;;;100.0;;I384;;;;;;;;;;;;;100.0;;;;;;;;;;;;;;;;;;
;"Se n∆o for utilizar esse parÉmetro digitar "" = "" ( Igual )";;;;;NDA inicial;1;;;;;;;;;;;;;;;;;;;;;;;;;;;;;;;;;;;;;;;;;;;;;;;;;;;;;;;;;;;;;;;;;;;;;;;;;;;;;;;;;;;;;;;;;;;;;;;;;;;;;;;;;;;;;;;;;;;;;;;;
;Arm do per°odo anterior;;;=;;;;;;;;;;;;;;;;;;;;;;;;;;;;;;;;;;;;;;;;;;;;;;;;;;;;;;;;;;;;;;;;;;;;;;;;;;;;;;;;;;;;;;;;;;;;;;;;;;;;;;;;;;;;;;;;; ;;;;;;;;;;
;Neg-Acum do per°odo anterior;;;0.00;;N£mero de Linhas;;36;;;;;;;;;;;;;;;;;;;;;;;;;;;;;;;;;;;;;;;;;;;;;;;;;;;;;;;;;;;;;;;;;;;;;;;;;;;;;;;;;;;;;;;;;;;;;;;;;;;;;;;;;;;;;;;;;;;;;;;
;;;;;;;;;;;;;;;µrea reservada para novas f¢rmulas;;;;;;;;;;;;;;;;;;;;;;;;;;;;;;;;;;;;;;;;;;;;;;;;;;;;;;;;;;;;;;;;;;;;;;;;;;;;;;;;;;;;;;;;;;;;;;;;;;;;;;;;;;;;;;;;
;Tempo;Num de;NDA;T;P;N;ETP;P-ETP;NEG-AC;ARM;ALT;ETR;DEF;EXC;    ARMx100;;Latitude   =;-23.4256;;;;;;;;Gr†fico;;;;;;;;;;;;;;;gr†fico;P;ETP;ETR;;;;;;;;;;;;Gr†fico;;;;;;;;;;;;;;;;;;;;;;;;;;;;;;;;36.0;;;;;;             Controle l¢gico;;;;;;;;;;;;co1;vlr; ;ARM;;;;;;;SP-ETP;SP-ETP;;;;;;;;;;
;DEC“NDIOS;Dias;;oC;mm;horas;Thornthwaite1948;mm;;mm;mm;mm;mm;mm;CAD;;d;hn;N;;;;;;;DEC“NDIOS;DEF(-1);EXC;;;;;;;;;;;;;Tempo;mm;Thornthwaite 1948;mm;;;;;;;;;;;;Tempo;CAD;ARM;;;;;;;;;;(mm);EXC;DEF;RET;REP;;;;;;;;;;;;;;;;0.0;;;;;;;;;;;;;;;;;;;ini;;Logico;;;;;;;ncom;com;;;;;;;;;;
;J1;10;1;22.1985;5.6528;13.4;33.02;-27.4;-27.4;76.06;-23.94;29.6;3.4;0.0;76.1;;-23.01;100.60;13.41;;;;;;;J1;-3.4;0.0;;;;;;;;;;;;;J1;5.65;33.02;29.59;;;;;;;;;;;;J1;100.0;76.1;;;;;;;;;;J1;0.0;-3.4;-23.9;0.0;;;;;;;;;;;;;;1;;1.0;;;;;;1;0;0;0;0;0;0;0;0;0;0;0;1;-27;1;76;;;;;;;0.0;0.0;1;;;;;;;;;
;J2;10;11;22.244;5.6341;13.3;32.99;-27.4;-54.7;57.86;-18.21;23.8;9.2;0.0;57.9;;-21.90;100.03;13.34;;;;;;;J2;-9.2;0.0;;;;;;;;;;;;;J2;5.63;32.99;23.84;;;;;;;;;;;;J2;100.0;57.9;;;;;;;;;;J2;0.0;-9.2;-18.2;0.0;;;;;;;;;;;;;;1;;2.0;;;;;;1;0;0;0;0;0;0;0;0;0;0;0;1;0;1;58;;;;;;;0.0;0.0;1;;;;;;;;;
;J3;10;21;22.2155;5.7188;13.2;32.60;-26.9;-81.6;44.22;-13.64;19.4;13.2;0.0;44.2;;-20.14;99.14;13.22;;;;;;;J3;-13.2;0.0;;;;;;;;;;;;;J3;5.72;32.60;19.35;;;;;;;;;;;;J3;100.0;44.2;;;;;;;;;;J3;0.0;-13.2;-13.6;0.0;;;;;;;;;;;;;;1;;3.0;;;;;;1;0;0;0;0;0;0;0;0;0;0;0;1;0;1;44;;;;;;;0.0;0.0;1;;;;;;;;;
;F1;10;31;22.17;5.7696;13.1;32.06;-26.3;-107.9;34.00;-10.22;16.0;16.1;0.0;34.0;;-17.78;97.99;13.07;;;;;;;F1;-16.1;0.0;;;;;;;;;;;;;F1;5.77;32.06;15.99;;;;;;;;;;;;F1;100.0;34.0;;;;;;;;;;F1;0.0;-16.1;-10.2;0.0;;;;;;;;;;;;;;1;;4.0;;;;;;1;0;0;0;0;0;0;0;0;0;0;0;1;0;1;34;;;;;;;0.0;0.0;1;;;;;;;;;
;F2;10;41;22.1475;6.1513;12.9;31.53;-25.4;-133.3;26.38;-7.62;13.8;17.8;0.0;26.4;;-14.90;96.62;12.88;;;;;;;F2;-17.8;0.0;;;;;;;;;;;;;F2;6.15;31.53;13.77;;;;;;;;;;;;F2;100.0;26.4;;;;;;;;;;F2;0.0;-17.8;-7.6;0.0;;;;;;;;;;;;;;1;;5.0;;;;;;1;0;0;0;0;0;0;0;0;0;0;0;1;0;1;26;;;;;;;0.0;0.0;1;;;;;;;;;
;F3;10;51;22.0375;6.9636;12.7;30.65;-23.7;-157.0;20.81;-5.56;12.5;18.1;0.0;20.8;;-11.58;95.09;12.68;;;;;;;F3;-18.1;0.0;;;;;;;;;;;;;F3;6.96;30.65;12.53;;;;;;;;;;;;F3;100.0;20.8;;;;;;;;;;F3;0.0;-18.1;-5.6;0.0;;;;;;;;;;;;;;1;;6.0;;;;;;1;0;0;0;0;0;0;0;0;0;0;0;1;0;1;21;;;;;;;0.0;0.0;1;;;;;;;;;
;M1;10;61;22.0065;6.4862;12.5;30.02;-23.5;-180.5;16.45;-4.36;10.9;19.2;0.0;16.4;;-7.91;93.45;12.46;;;;;;;M1;-19.2;0.0;;;;;;;;;;;;;M1;6.49;30.02;10.85;;;;;;;;;;;;M1;100.0;16.4;;;;;;;;;;M1;0.0;-19.2;-4.4;0.0;;;;;;;;;;;;;;1;;7.0;;;;;;1;0;0;0;0;0;0;0;0;0;0;0;1;0;1;16;;;;;;;0.0;0.0;1;;;;;;;;;
;M2;10;71;21.927;6.7267;12.2;29.21;-22.5;-203.0;13.14;-3.31;10.0;19.2;0.0;13.1;;-4.02;91.74;12.23;;;;;;;M2;-19.2;0.0;;;;;;;;;;;;;M2;6.73;29.21;10.04;;;;;;;;;;;;M2;100.0;13.1;;;;;;;;;;M2;0.0;-19.2;-3.3;0.0;;;;;;;;;;;;;;1;;8.0;;;;;;1;0;0;0;0;0;0;0;0;0;0;0;1;0;1;13;;;;;;;0.0;0.0;1;;;;;;;;;
;M3;10;81;21.891;6.0141;12.0;28.54;-22.5;-225.5;10.49;-2.65;8.7;19.9;0.0;10.5;;0.00;90.00;12.00;;;;;;;M3;-19.9;0.0;;;;;;;;;;;;;M3;6.01;28.54;8.66;;;;;;;;;;;;M3;100.0;10.5;;;;;;;;;;M3;0.0;-19.9;-2.6;0.0;;;;;;;;;;;;;;1;;9.0;;;;;;1;0;0;0;0;0;0;0;0;0;0;0;1;0;1;10;;;;;;;0.0;0.0;1;;;;;;;;;
;A1;10;91;21.9485;5.1654;11.8;28.17;-23.0;-248.5;8.33;-2.16;7.3;20.8;0.0;8.3;;4.02;88.26;11.77;;;;;;;A1;-20.8;0.0;;;;;;;;;;;;;A1;5.17;28.17;7.32;;;;;;;;;;;;A1;100.0;8.3;;;;;;;;;;A1;0.0;-20.8;-2.2;0.0;;;;;;;;;;;;;;1;;10.0;;;;;;1;0;0;0;0;0;0;0;0;0;0;0;1;0;1;8;;;;;;;0.0;0.0;1;;;;;;;;;
;A2;10;101;21.9665;5.0779;11.5;27.68;-22.6;-271.1;6.65;-1.69;6.8;20.9;0.0;6.6;;7.91;86.55;11.54;;;;;;;A2;-20.9;0.0;;;;;;;;;;;;;A2;5.08;27.68;6.76;;;;;;;;;;;;A2;100.0;6.6;;;;;;;;;;A2;0.0;-20.9;-1.7;0.0;;;;;;;;;;;;;;1;;11.0;;;;;;1;0;0;0;0;0;0;0;0;0;0;0;1;0;1;7;;;;;;;0.0;0.0;1;;;;;;;;;
;A3;10;111;21.948;5.3027;11.3;27.10;-21.8;-292.9;5.35;-1.30;6.6;20.5;0.0;5.3;;11.58;84.91;11.32;;;;;;;A3;-20.5;0.0;;;;;;;;;;;;;A3;5.30;27.10;6.60;;;;;;;;;;;;A3;100.0;5.3;;;;;;;;;;A3;0.0;-20.5;-1.3;0.0;;;;;;;;;;;;;;1;;12.0;;;;;;1;0;0;0;0;0;0;0;0;0;0;0;1;0;1;5;;;;;;;0.0;0.0;1;;;;;;;;;
;M1;10;121;21.9195;5.4347;11.1;26.53;-21.1;-314.0;4.33;-1.02;6.5;20.1;0.0;4.3;;14.90;83.38;11.12;;;;;;;M1;-20.1;0.0;;;;;;;;;;;;;M1;5.43;26.53;6.45;;;;;;;;;;;;M1;100.0;4.3;;;;;;;;;;M1;0.0;-20.1;-1.0;0.0;;;;;;;;;;;;;;1;;13.0;;;;;;1;0;0;0;0;0;0;0;0;0;0;0;1;0;1;4;;;;;;;0.0;0.0;1;;;;;;;;;
;M2;10;131;21.957;5.6689;10.9;26.20;-20.5;-334.5;3.53;-0.80;6.5;19.7;0.0;3.5;;17.78;82.01;10.93;;;;;;;M2;-19.7;0.0;;;;;;;;;;;;;M2;5.67;26.20;6.47;;;;;;;;;;;;M2;100.0;3.5;;;;;;;;;;M2;0.0;-19.7;-0.8;0.0;;;;;;;;;;;;;;1;;14.0;;;;;;1;0;0;0;0;0;0;0;0;0;0;0;1;0;1;4;;;;;;;0.0;0.0;1;;;;;;;;;
;M3;10;141;21.8625;5.474;10.8;25.56;-20.1;-354.6;2.88;-0.64;6.1;19.4;0.0;2.9;;20.14;80.86;10.78;;;;;;;M3;-19.4;0.0;;;;;;;;;;;;;M3;5.47;25.56;6.12;;;;;;;;;;;;M3;100.0;2.9;;;;;;;;;;M3;0.0;-19.4;-0.6;0.0;;;;;;;;;;;;;;1;;15.0;;;;;;1;0;0;0;0;0;0;0;0;0;0;0;1;0;1;3;;;;;;;0.0;0.0;1;;;;;;;;;
;J1;10;151;21.8445;4.9917;10.7;25.23;-20.2;-374.8;2.36;-0.53;5.5;19.7;0.0;2.4;;21.90;79.97;10.66;;;;;;;J1;-19.7;0.0;;;;;;;;;;;;;J1;4.99;25.23;5.52;;;;;;;;;;;;J1;100.0;2.4;;;;;;;;;;J1;0.0;-19.7;-0.5;0.0;;;;;;;;;;;;;;1;;16.0;;;;;;1;0;0;0;0;0;0;0;0;0;0;0;1;0;1;2;;;;;;;0.0;0.0;1;;;;;;;;;
;J2;10;161;21.799;4.921;10.6;24.92;-20.0;-394.8;1.93;-0.43;5.3;19.6;0.0;1.9;;23.01;79.40;10.59;;;;;;;J2;-19.6;0.0;;;;;;;;;;;;;J2;4.92;24.92;5.35;;;;;;;;;;;;J2;100.0;1.9;;;;;;;;;;J2;0.0;-19.6;-0.4;0.0;;;;;;;;;;;;;;1;;17.0;;;;;;1;0;0;0;0;0;0;0;0;0;0;0;1;0;1;2;;;;;;;0.0;0.0;1;;;;;;;;;
;J3;10;171;21.715;4.8565;10.6;24.61;-19.8;-414.6;1.58;-0.35;5.2;19.4;0.0;1.6;;23.44;79.17;10.56;;;;;;;J3;-19.4;0.0;;;;;;;;;;;;;J3;4.86;24.61;5.20;;;;;;;;;;;;J3;100.0;1.6;;;;;;;;;;J3;0.0;-19.4;-0.3;0.0;;;;;;;;;;;;;;1;;18.0;;;;;;1;0;0;0;0;0;0;0;0;0;0;0;1;0;1;2;;;;;;;0.0;0.0;1;;;;;;;;;
;J1;10;181;21.6925;5.9094;10.6;24.59;-18.7;-433.3;1.31;-0.27;6.2;18.4;0.0;1.3;;23.18;79.31;10.57;;;;;;;J1;-18.4;0.0;;;;;;;;;;;;;J1;5.91;24.59;6.18;;;;;;;;;;;;J1;100.0;1.3;;;;;;;;;;J1;0.0;-18.4;-0.3;0.0;;;;;;;;;;;;;;1;;19.0;;;;;;1;0;0;0;0;0;0;0;0;0;0;0;1;0;1;1;;;;;;;0.0;0.0;1;;;;;;;;;
;J2;10;191;21.676;6.0954;10.6;24.70;-18.6;-451.9;1.09;-0.22;6.3;18.4;0.0;1.1;;22.24;79.80;10.64;;;;;;;J2;-18.4;0.0;;;;;;;;;;;;;J2;6.10;24.70;6.32;;;;;;;;;;;;J2;100.0;1.1;;;;;;;;;;J2;0.0;-18.4;-0.2;0.0;;;;;;;;;;;;;;1;;20.0;;;;;;1;0;0;0;0;0;0;0;0;0;0;0;1;0;1;1;;;;;;;0.0;0.0;1;;;;;;;;;
;J3;10;201;21.6485;6.3759;10.7;24.87;-18.5;-470.4;0.91;-0.18;6.6;18.3;0.0;0.9;;20.64;80.61;10.75;;;;;;;J3;-18.3;0.0;;;;;;;;;;;;;J3;6.38;24.87;6.56;;;;;;;;;;;;J3;100.0;0.9;;;;;;;;;;J3;0.0;-18.3;-0.2;0.0;;;;;;;;;;;;;;1;;21.0;;;;;;1;0;0;0;0;0;0;0;0;0;0;0;1;0;1;1;;;;;;;0.0;0.0;1;;;;;;;;;
;A1;10;211;21.5935;6.5849;10.9;25.05;-18.5;-488.8;0.75;-0.15;6.7;18.3;0.0;0.8;;18.42;81.70;10.89;;;;;;;A1;-18.3;0.0;;;;;;;;;;;;;A1;6.58;25.05;6.74;;;;;;;;;;;;A1;100.0;0.8;;;;;;;;;;A1;0.0;-18.3;-0.2;0.0;;;;;;;;;;;;;;1;;22.0;;;;;;1;0;0;0;0;0;0;0;0;0;0;0;1;0;1;1;;;;;;;0.0;0.0;1;;;;;;;;;
;A2;10;221;21.588;6.6829;11.1;25.44;-18.8;-507.6;0.62;-0.13;6.8;18.6;0.0;0.6;;15.67;83.02;11.07;;;;;;;A2;-18.6;0.0;;;;;;;;;;;;;A2;6.68;25.44;6.81;;;;;;;;;;;;A2;100.0;0.6;;;;;;;;;;A2;0.0;-18.6;-0.1;0.0;;;;;;;;;;;;;;1;;23.0;;;;;;1;0;0;0;0;0;0;0;0;0;0;0;1;0;1;1;;;;;;;0.0;0.0;1;;;;;;;;;
;A3;10;231;21.505;5.7089;11.3;25.65;-19.9;-527.5;0.51;-0.11;5.8;19.8;0.0;0.5;;12.45;84.51;11.27;;;;;;;A3;-19.8;0.0;;;;;;;;;;;;;A3;5.71;25.65;5.82;;;;;;;;;;;;A3;100.0;0.5;;;;;;;;;;A3;0.0;-19.8;-0.1;0.0;;;;;;;;;;;;;;1;;24.0;;;;;;1;0;0;0;0;0;0;0;0;0;0;0;1;0;1;1;;;;;;;0.0;0.0;1;;;;;;;;;
;S1;10;241;21.4715;5.6349;11.5;26.04;-20.4;-547.9;0.42;-0.09;5.7;20.3;0.0;0.4;;8.86;86.13;11.48;;;;;;;S1;-20.3;0.0;;;;;;;;;;;;;S1;5.63;26.04;5.73;;;;;;;;;;;;S1;100.0;0.4;;;;;;;;;;S1;0.0;-20.3;-0.1;0.0;;;;;;;;;;;;;;1;;25.0;;;;;;1;0;0;0;0;0;0;0;0;0;0;0;1;0;1;0;;;;;;;0.0;0.0;1;;;;;;;;;
;S2;10;251;21.4445;5.4618;11.7;26.47;-21.0;-569.0;0.34;-0.08;5.5;20.9;0.0;0.3;;5.01;87.82;11.71;;;;;;;S2;-20.9;0.0;;;;;;;;;;;;;S2;5.46;26.47;5.54;;;;;;;;;;;;S2;100.0;0.3;;;;;;;;;;S2;0.0;-20.9;-0.1;0.0;;;;;;;;;;;;;;1;;26.0;;;;;;1;0;0;0;0;0;0;0;0;0;0;0;1;0;1;0;;;;;;;0.0;0.0;1;;;;;;;;;
;S3;10;261;21.455;5.2038;11.9;27.03;-21.8;-590.8;0.27;-0.07;5.3;21.8;0.0;0.3;;1.01;89.56;11.94;;;;;;;S3;-21.8;0.0;;;;;;;;;;;;;S3;5.20;27.03;5.27;;;;;;;;;;;;S3;100.0;0.3;;;;;;;;;;S3;0.0;-21.8;-0.1;0.0;;;;;;;;;;;;;;1;;27.0;;;;;;1;0;0;0;0;0;0;0;0;0;0;0;1;0;1;0;;;;;;;0.0;0.0;1;;;;;;;;;
;O1;10;271;21.531;6.3063;12.2;27.80;-21.5;-612.3;0.22;-0.05;6.4;21.4;0.0;0.2;;-3.02;91.31;12.17;;;;;;;O1;-21.4;0.0;;;;;;;;;;;;;O1;6.31;27.80;6.36;;;;;;;;;;;;O1;100.0;0.2;;;;;;;;;;O1;0.0;-21.4;-0.1;0.0;;;;;;;;;;;;;;1;;28.0;;;;;;1;0;0;0;0;0;0;0;0;0;0;0;1;0;1;0;;;;;;;0.0;0.0;1;;;;;;;;;
;O2;10;281;21.5275;5.2298;12.4;28.31;-23.1;-635.4;0.17;-0.05;5.3;23.0;0.0;0.2;;-6.96;93.03;12.40;;;;;;;O2;-23.0;0.0;;;;;;;;;;;;;O2;5.23;28.31;5.27;;;;;;;;;;;;O2;100.0;0.2;;;;;;;;;;O2;0.0;-23.0;0.0;0.0;;;;;;;;;;;;;;1;;29.0;;;;;;1;0;0;0;0;0;0;0;0;0;0;0;1;0;1;0;;;;;;;0.0;0.0;1;;;;;;;;;
;O3;10;291;21.477;4.7718;12.6;28.65;-23.9;-659.2;0.14;-0.04;4.8;23.8;0.0;0.1;;-10.69;94.69;12.63;;;;;;;O3;-23.8;0.0;;;;;;;;;;;;;O3;4.77;28.65;4.81;;;;;;;;;;;;O3;100.0;0.1;;;;;;;;;;O3;0.0;-23.8;0.0;0.0;;;;;;;;;;;;;;1;;30.0;;;;;;1;0;0;0;0;0;0;0;0;0;0;0;1;0;1;0;;;;;;;0.0;0.0;1;;;;;;;;;
;N1;10;301;21.396;5.0038;12.8;28.85;-23.8;-683.1;0.11;-0.03;5.0;23.8;0.0;0.1;;-14.11;96.25;12.83;;;;;;;N1;-23.8;0.0;;;;;;;;;;;;;N1;5.00;28.85;5.03;;;;;;;;;;;;N1;100.0;0.1;;;;;;;;;;N1;0.0;-23.8;0.0;0.0;;;;;;;;;;;;;;1;;31.0;;;;;;1;0;0;0;0;0;0;0;0;0;0;0;1;0;1;0;;;;;;;0.0;0.0;1;;;;;;;;;
;N2;10;311;21.357;5.6918;13.0;29.14;-23.5;-706.5;0.09;-0.02;5.7;23.4;0.0;0.1;;-17.11;97.66;13.02;;;;;;;N2;-23.4;0.0;;;;;;;;;;;;;N2;5.69;29.14;5.71;;;;;;;;;;;;N2;100.0;0.1;;;;;;;;;;N2;0.0;-23.4;0.0;0.0;;;;;;;;;;;;;;1;;32.0;;;;;;1;0;0;0;0;0;0;0;0;0;0;0;1;0;1;0;;;;;;;0.0;0.0;1;;;;;;;;;
;N3;10;321;21.426;5.3738;13.2;29.74;-24.4;-730.9;0.07;-0.02;5.4;24.3;0.0;0.1;;-19.60;98.88;13.18;;;;;;;N3;-24.3;0.0;;;;;;;;;;;;;N3;5.37;29.74;5.39;;;;;;;;;;;;N3;100.0;0.1;;;;;;;;;;N3;0.0;-24.3;0.0;0.0;;;;;;;;;;;;;;1;;33.0;;;;;;1;0;0;0;0;0;0;0;0;0;0;0;1;0;1;0;;;;;;;0.0;0.0;1;;;;;;;;;
;D1;10;331;21.6085;5.2078;13.3;30.66;-25.5;-756.4;0.05;-0.02;5.2;25.4;0.0;0.1;;-21.52;99.84;13.31;;;;;;;D1;-25.4;0.0;;;;;;;;;;;;;D1;5.21;30.66;5.22;;;;;;;;;;;;D1;100.0;0.1;;;;;;;;;;D1;0.0;-25.4;0.0;0.0;;;;;;;;;;;;;;1;;34.0;;;;;;1;0;0;0;0;0;0;0;0;0;0;0;1;0;1;0;;;;;;;0.0;0.0;1;;;;;;;;;
;D2;10;341;21.839;5.1398;13.4;31.68;-26.5;-782.9;0.04;-0.01;5.2;26.5;0.0;0.0;;-22.80;100.49;13.40;;;;;;;D2;-26.5;0.0;;;;;;;;;;;;;D2;5.14;31.68;5.15;;;;;;;;;;;;D2;100.0;0.0;;;;;;;;;;D2;0.0;-26.5;0.0;0.0;;;;;;;;;;;;;;1;;35.0;;;;;;1;0;0;0;0;0;0;0;0;0;0;0;1;0;1;0;;;;;;;0.0;0.0;1;;;;;;;;;
;D3;10;351;22.0165;5.4333;13.4;32.42;-27.0;-809.9;0.03;-0.01;5.4;27.0;0.0;0.0;;-23.40;100.81;13.44;;;;;;;D3;-27.0;0.0;;;;;;;;;;;;;D3;5.43;32.42;5.44;;;;;;;;;;;;D3;100.0;0.0;;;;;;;;;;D3;0.0;-27.0;0.0;0.0;;;;;;;;;;;;;;1;;36.0;;;;;;1;0;0;0;0;0;0;0;0;0;0;0;1;0;1;0;;;;;;;0.0;0.0;1;;;;;;;;;
;TOTAIS;;;756.0;1330.0;432.1;966.0;;;2888.4;Ò73,67;906.2;59.8;423.8;;;;;;;;;;;;;;;;;;;;;;;;;;;;;;;;;;;;;;;;;;;;;;;;;;;;;;;;;;;;;;;;;;;;;;;;;;;;;;;;;;;;;;;;;;;;;;;;;;;;;;;;;;;;;;;;;
;MêDIAS;;;21.0;36.9;12.0;26.8;;;80.2;;25.2;1.7;11.8;;;;;;;;;;;;;;;;;;;;;;;;;;;;;;;;;;;;;;;;;;;;;;;;;;;;;;;;;;;;;;;;;;;;;;;;;;;;73.6729005;-73.6729005;;;;;;;;;;;;;;;;-27;;;;;;;;;0;0;;;;;;;;;;
;;;;;;;;;;;;;;;;;;;;;;;;;;;;;;;;;;;;;;;;;;;;;;;;;;;;;;;;;;;;;;;;;;;;;;;;;;;;;;;;;;;;;;;;;;;73.67;;;;;;;;;;;;;;;;;;;;;;;;;;1;;;;;;;;;;
;;;;;; ;;; ; ;;;;;;;;;;;;;;;;;;;;;;;;;;;;;;;;;;;;;;;;;;;;;;;;;;;;;;;;;;;;;;;;;;;;;;;;;;;;;;;;;;;;;;;;;;;;;;;;;;;;;;;;;;;;;;;;;;;;;
;;;;;;;;;;;;;;;;;;;;;;;;;;;;;;;;;;;;;;;;;;;;;;;;;;;;;;;;;;;;;;;;;;;;;;;;;;;;;;;;;;;;;;;;;;;;;;;;;;;;;;;;;;;;;;;;;;;;;;;;;;;;;;;
;;;;;;;;;;;;;;;;;;;;;;;;;;;;;;;;;;;;;;;;;;;;;;;;;;;;;;;;;;;;;;;;;;;;;;;;;;;;;;;;;;;;;;;;;;;;;;;;;;;;;;;;;;;;;;;;;;;;;;;;;;;;;;;
;;;;;;;;;;;;;;;;;;;;;;;;;;;;;;;;;;;;;;;;;;;;;;;;;;;;;;;;;;;;;;;;;;;;;;;;;;;;;;;;;;;;;;;;;;;;;;;;;;;;;;;;;;;;;;;;;;;;;;;;;;;;;;;
;;;;;;;;;;;;;;;;;;;;;;;;;;;;;;;;;;;;;;;;;;;;;;;;;;;;;;;;;;;;;;;;;;;;;;;;;;;;;;;;;;;;;;;;;;;;;;;;;;;;;;;;;;;;;;;;;;;;;;;;;;;;;;;
;;;;;;;;;;;;;;;;;;;;;;;;;;;;;;;;;;;;;;;;;;;;;;;;;;;;;;;;;;;;;;;;;;;;;;;;;;;;;;;;;;;;;;;;;;;;;;;;;;;;;;;;;;;;;;;;;;;;;;;;;;;;;;;
;;;;;;;;;;;;;;;;;;;;;;;;;;;;;;;;;;;;;;;;;;;;;;;;;;;;;;;;;;;;;;;;;;;;;;;;;;;;;;;;;;;;;;;;;;;;;;;;;;;;;;;;;;;;;;;;;;;;;;;;;;;;;;;
;;;;;;;;;;;;;;;;;;;;;;;;;;;;;;;;;;;;;;;;;;;;;;;;;;;;;;;;;;;;;;;;;;;;;;;;;;;;;;;;;;;;;;;;;;;;;;;;;;;;;;;;;;;;;;;;;;;;;;;;;;;;;;;
;;;;;;;;;;;;;;;;;;;;;;;;;;;;;;;;;;;;;;;;;;;;;;;;;;;;;;;;;;;;;;;;;;;;;;;;;;;;;;;;;;;;;;;;;;;;;;;;;;;;;;;;;;;;;;;;;;;;;;;;;;;;;;;
;;;;;;;;;;;;;;;;;;;;;;;;;;;;;;;;;;;;;;;;;;;;;;;;;;;;;;;;;;;;;;;;;;;;;;;;;;;;;;;;;;;;;;;;;;;;;;;;;;;;;;;;;;;;;;;;;;;;;;;;;;;;;;;
;;;;;;;;;;;;;;;;;;;;;;;;;;;;;;;;;;;;;;;;;;;;;;;;;;;;;;;;;;;;;;;;;;;;;;;;;;;;;;;;;;;;;;;;;;;;;;;;;;;;;;;;;;;;;;;;;;;;;;;;;;;;;;;
;;;;;;;;;;;;;;;;;;;;;;;;;;;;;;;;;;;;;;;;;;;;;;;;;;;;;;;;;;;;;;;;;;;;;;;;;;;;;;;;;;;;;;;;;;;;;;;;;;;;;;;;;;;;;;;;;;;;;;;;;;;;;;;
;;;;;;;;;;;;;;;;;;;;;;;;;;;;;;;;;;;;;;;;;;;;;;;;;;;;;;;;;;;;;;;;;;;;;;;;;;;;;;;;;;;;;;;;;;;;;;;;;;;;;;;;;;;;;;;;;;;;;;;;;;;;;;;
;;;;;;;;;;;;;;;;;;;;;;;;;;;;;;;;;;;;;;;;;;;;;;;;;;;;;;;;;;;;;;;;;;;;;;;;;;;;;;;;;;;;;;;;;;;;;;;;;;;;;;;;;;;;;;;;;;;;;;;;;;;;;;;
;;;;;;;;;;;;;;;;;;;;;;;;;;;;;;;;;;;;;;;;;;;;;;;;;;;;;;;;;;;;;;;;;;;;;;;;;;;;;;;;;;;;;;;;;;;;;;;;;;;;;;;;;;;;;;;;;;;;;;;;;;;;;;;
;;;;;;;;;;;;;;;;;;;;;;;;;;;;;;;;;;;;;;;;;;;;;;;;;;;;;;;;;;;;;;;;;;;;;;;;;;;;;;;;;;;;;;;;;;;;;;;;;;;;;;;;;;;;;;;;;;;;;;;;;;;;;;;
;;;;;;;;;;;;;;;;;;;;;;;;;;;;;;;;;;;;;;;;;;;;;;;;;;;;;;;;;;;;;;;;;;;;;;;;;;;;;;;;;;;;;;;;;;;;;;;;;;;;;;;;;;;;;;;;;;;;;;;;;;;;;;;
;;;;;;;;;;;;;;;;;;;;;;;;;;;;;;;;;;;;;;;;;;;;;;;;;;;;;;;;;;;;;;;;;;;;;;;;;;;;;;;;;;;;;;;;;;;;;;;;;;;;;;;;;;;;;;;;;;;;;;;;;;;;;;;
